{
  "name": "vaesen-rpg",
  "title": "Vaesen",
  "description": "Nordic horror role-playing",
  "version": "1.9.1",
  "minimumCoreVersion": "0.7.5",
  "compatibleCoreVersion": "0.7.8",
  "templateVersion": 2,
  "author": "romelwell",
  "scripts": [],
  "esmodules": [
    "script/hooks.js"
  ],
  "styles": [
    "style/common.css",
    "style/player.css",
    "style/tab/player-main.css",
    "style/tab/player-combat.css",
    "style/tab/player-talent.css",
    "style/tab/player-gear.css",
    "style/tab/player-note.css",
    "style/npc.css",
    "style/tab/npc-main.css",
    "style/tab/npc-combat.css",
    "style/tab/npc-talent.css",
    "style/tab/npc-gear.css",
    "style/tab/npc-note.css",
    "style/critical-injury.css",
    "style/vaesen.css",
    "style/tab/vaesen-main.css",
    "style/tab/vaesen-combat.css",
    "style/tab/vaesen-gear.css",
    "style/tab/vaesen-note.css",
    "style/headquarter.css",
    "style/tab/headquarter-history.css",
    "style/tab/headquarter-upgrade.css",
    "style/weapon.css",
    "style/armor.css",
    "style/talent.css",
    "style/gear.css",
    "style/magic.css",
    "style/condition.css",
    "style/attack.css",
    "style/upgrade.css",
    "style/dialog/roll.css"
  ],
  "packs": [],
  "languages": [
    {
      "lang": "en",
      "name": "English",
      "path": "lang/en.json"
    }
  ],
  "gridDistance": 1,
  "gridUnits": "m",
  "primaryTokenAttribute": null,
  "secondaryTokenAttribute": null,
  "url": "https://github.com/romelwell/vaesen-foundry-vtt",
  "socket": true,
  "manifest": "https://raw.githubusercontent.com/romelwell/vaesen-foundry-vtt/master/system.json",
  "download": "https://github.com/romelwell/vaesen-foundry-vtt/raw/master/archive/v1.9.2.zip",
  "license": "LICENSE.txt"
}
